time,sine,cosine
0.000000000000000000e+00,1.257302210933932936e-03,9.986789513670869534e-01
1.001001001001001089e+00,1.641406934761200503e-02,1.000998901439666300e+00
2.002002002002002179e+00,1.466198897386237175e-02,1.003415556641604534e+00
3.003003003003003268e+00,4.306551715779751571e-02,1.009019942163809747e+00
4.004004004004004358e+00,3.299198980877672549e-02,9.865442899750145322e-01
5.005005005005005003e+00,4.379641208320510931e-02,9.991610174775777953e-01
6.006006006006006537e+00,3.677365060924930179e-02,9.960090200536902971e-01
7.007007007007008070e+00,5.755363616172794183e-02,9.902234233571399757e-01
8.008008008008008716e+00,7.455192784473971268e-02,9.936323019676874813e-01
9.009009009009009361e+00,9.408457966833630448e-02,1.006369765498149604e+00
1.001001001001001001e+01,9.864766953359892232e-02,1.008658801663553817e+00
1.101101101101101243e+01,1.032357980519891388e-01,9.974591049313792368e-01
1.201201201201201307e+01,1.288661645340913875e-01,9.937343718242500623e-01
1.301301301301301372e+01,1.223281811064511754e-01,9.823277622489224870e-01
1.401401401401401614e+01,1.351046240253254704e-01,9.923983821322056587e-01
1.501501501501501679e+01,1.394904130789238750e-01,9.866568728834250734e-01
1.601601601601601743e+01,1.578840689508874684e-01,9.926102101312862525e-01
1.701701701701701808e+01,1.714966549691704645e-01,9.891096899407423315e-01
1.801801801801801872e+01,1.726685535584289721e-01,9.825152829003785948e-01
1.901901901901901937e+01,1.968854138325013547e-01,9.969026096998597763e-01
2.002002002002002001e+01,1.862748810164573665e-01,9.951660223085061485e-01
2.102102102102102421e+01,2.221242415608371268e-01,9.858001867233305848e-01
2.202202202202202486e+01,2.210890864418941781e-01,9.727101389459537062e-01
2.302302302302302550e+01,2.427818917647835695e-01,9.932164650475470147e-01
2.402402402402402615e+01,2.559523227324362327e-01,9.844318787332774212e-01
2.502502502502502679e+01,2.512202261877257148e-01,9.567672921465919522e-01
2.602602602602602744e+01,2.572875147586097255e-01,9.728877869052814376e-01
2.702702702702702808e+01,2.541082909269691270e-01,9.676499921912913305e-01
2.802802802802803228e+01,2.809236395415837806e-01,9.679383707639442891e-01
2.902902902902903293e+01,2.743892022777726925e-01,9.515438002641737336e-01
3.003003003003003357e+01,2.914427286951217777e-01,9.435496821661548683e-01
3.103103103103103422e+01,3.227478194481647744e-01,9.472797539113890775e-01
3.203203203203203486e+01,3.181603001606319592e-01,9.465488818697653794e-01
3.303303303303303551e+01,3.401902459775664744e-01,9.591388605453572413e-01
3.403403403403403615e+01,3.401414564924299944e-01,9.206060130132672770e-01
3.503503503503503680e+01,3.437471857058145841e-01,9.460893827388013877e-01
3.603603603603603744e+01,3.626510862697596149e-01,9.295907467963697712e-01
3.703703703703703809e+01,3.801808272124937438e-01,9.189890403218615722e-01
3.803803803803803874e+01,3.646584081595395377e-01,9.378739774079202229e-01
3.903903903903903938e+01,3.810400078899541798e-01,9.447844933135106649e-01
4.004004004004004003e+01,3.916722961988454155e-01,9.145730560124758490e-01
4.104104104104104778e+01,3.952100552845960735e-01,9.060456909887105725e-01
4.204204204204204842e+01,3.953674965840544009e-01,9.192215437081804330e-01
4.304304304304304907e+01,4.230736684432366279e-01,9.217318197937109936e-01
4.404404404404404971e+01,4.187918550480291824e-01,9.214550490294882712e-01
4.504504504504505036e+01,4.324972196938161040e-01,9.159951633740958110e-01
4.604604604604605100e+01,4.400327981609317152e-01,8.884931490673302346e-01
4.704704704704705165e+01,4.558035455097027566e-01,9.016696507571730912e-01
4.804804804804805229e+01,4.638154017354051417e-01,8.809176562799641008e-01
4.904904904904905294e+01,4.576464102778302623e-01,8.680867128112526032e-01
5.005005005005005358e+01,4.848915375478429213e-01,8.872396295936815225e-01
5.105105105105105423e+01,4.869797825668298330e-01,8.617515257310037757e-01
5.205205205205205488e+01,5.060622097279278142e-01,8.547564863700354287e-01
5.305305305305305552e+01,4.988603345812731571e-01,8.687489267670563953e-01
5.405405405405405617e+01,4.920981310978675971e-01,8.612943407017750186e-01
5.505505505505505681e+01,5.173400991730392473e-01,8.533294241045609185e-01
5.605605605605606456e+01,5.309040369769457701e-01,8.489783598308850987e-01
5.705705705705706521e+01,5.470540441559241795e-01,8.340092424632921109e-01
5.805805805805806585e+01,5.627192985963763716e-01,8.434052747923219684e-01
5.905905905905906650e+01,5.652889982251102508e-01,8.422605924303655511e-01
6.006006006006006714e+01,5.730139508090857925e-01,8.334371282692334404e-01
6.106106106106106779e+01,5.741237751580001714e-01,8.050303276067498626e-01
6.206206206206206843e+01,5.801897073587535258e-01,8.058225511412214770e-01
6.306306306306306908e+01,5.754267899705177713e-01,8.102403428414324260e-01
6.406406406406406973e+01,5.920236793753516080e-01,7.914149612619686414e-01
6.506506506506507037e+01,5.952742392385763637e-01,7.983740359357238692e-01
6.606606606606607102e+01,6.172253544124277624e-01,8.028115716350736619e-01
6.706706706706707166e+01,6.213723868547735840e-01,7.938234101346440807e-01
6.806806806806807231e+01,6.433448053046683102e-01,7.886461877469844728e-01
6.906906906906907295e+01,6.134166837284544815e-01,7.830930179552093584e-01
7.007007007007007360e+01,6.481496545834106726e-01,7.686283093034453895e-01
7.107107107107107424e+01,6.560848564376088321e-01,7.617259908615805486e-01
7.207207207207207489e+01,6.631204848391984985e-01,7.477411686422774650e-01
7.307307307307307553e+01,6.483976257637108498e-01,7.435977540240643613e-01
7.407407407407407618e+01,6.667974218503049944e-01,7.487705177758363639e-01
7.507507507507507682e+01,6.793002187845119666e-01,7.320116754724566022e-01
7.607607607607607747e+01,6.809766129371952470e-01,7.192054719578681032e-01
7.707707707707707812e+01,6.965730457332225400e-01,7.025201438761016215e-01
7.807807807807807876e+01,7.068411235481302235e-01,7.093034917865037592e-01
7.907907907907907941e+01,6.990524465935790133e-01,6.793010261559209173e-01
8.008008008008008005e+01,7.230443054557290639e-01,6.931561862943816932e-01
8.108108108108109491e+01,7.195459048818674264e-01,6.865494002034441268e-01
8.208208208208209555e+01,7.498703241405987319e-01,6.811228281221396452e-01
8.308308308308309620e+01,7.393580165742177357e-01,6.593917023843298697e-01
8.408408408408409684e+01,7.616774773357114503e-01,6.760113434498681295e-01
8.508508508508509749e+01,7.625110290201676522e-01,6.598204068058344252e-01
8.608608608608609813e+01,7.675704877831476258e-01,6.554942978398563547e-01
8.708708708708709878e+01,7.710220985502106439e-01,6.426387414096429440e-01
8.808808808808809943e+01,7.565609545792900681e-01,6.467605114227829022e-01
8.908908908908910007e+01,7.582825801519552655e-01,6.263201240333298170e-01
9.009009009009010072e+01,7.818413757653335239e-01,6.104754147814158705e-01
9.109109109109110136e+01,7.961937111269647982e-01,6.110230303730670443e-01
9.209209209209210201e+01,7.917905117851109509e-01,6.102856309835852366e-01
9.309309309309310265e+01,7.974103451885988791e-01,6.109772702945190925e-01
9.409409409409410330e+01,8.116272492905532987e-01,5.842845697057713616e-01
9.509509509509510394e+01,7.945256392442973103e-01,5.678317763534255214e-01
9.609609609609610459e+01,8.306106281412588555e-01,5.722264696384762317e-01
9.709709709709710523e+01,8.226029631853135626e-01,5.809308408687805514e-01
9.809809809809810588e+01,8.182169068843336834e-01,5.503509987552906990e-01
9.909909909909910652e+01,8.318434379375042598e-01,5.537244698954557620e-01
1.001001001001001072e+02,8.353760543053601051e-01,5.333255435323158711e-01
1.011011011011011078e+02,8.313176348114977854e-01,5.382977874220988834e-01
1.021021021021021085e+02,8.607033389251637079e-01,5.177318909259386315e-01
1.031031031031031091e+02,8.594627270894156235e-01,5.010082084056147744e-01
1.041041041041041098e+02,8.582126243419837541e-01,5.191016944154026591e-01
1.051051051051051104e+02,8.693030262864791524e-01,5.197627019991697406e-01
1.061061061061061110e+02,8.650017868850679026e-01,4.937490285693050818e-01
1.071071071071071117e+02,8.757591899110640510e-01,4.848425881951887173e-01
1.081081081081081123e+02,8.823947219785878149e-01,4.647626399267804076e-01
1.091091091091091130e+02,8.784548326140559915e-01,4.921780684405464568e-01
1.101101101101101136e+02,8.909328242916459972e-01,4.324479303407642306e-01
1.111111111111111143e+02,8.897061949509229573e-01,4.504464189734684876e-01
1.121121121121121291e+02,8.955882448612364488e-01,4.482775130887636239e-01
1.131131131131131298e+02,9.149182016170259724e-01,4.241131400607378032e-01
1.141141141141141304e+02,9.043872792408648165e-01,4.065093431520818701e-01
1.151151151151151311e+02,9.062339007473061425e-01,3.927050104556763510e-01
1.161161161161161317e+02,9.293101510739952831e-01,4.141817121406551339e-01
1.171171171171171324e+02,9.086455198694626256e-01,3.772562306678073907e-01
1.181181181181181330e+02,9.073701899665267412e-01,3.701938893606221970e-01
1.191191191191191336e+02,8.977476584493844225e-01,3.591309543389369363e-01
1.201201201201201343e+02,9.454428320182877155e-01,3.577812015615018382e-01
1.211211211211211349e+02,9.445887385644031742e-01,3.469962233220671433e-01
1.221221221221221356e+02,9.571249963851595766e-01,3.444908221150947969e-01
1.231231231231231362e+02,9.390795884609836053e-01,3.586012926828511249e-01
1.241241241241241369e+02,9.429417027513440352e-01,3.114098549340293953e-01
1.251251251251251375e+02,9.513975238935769019e-01,3.137463472881490412e-01
1.261261261261261382e+02,9.631385447564682067e-01,2.953994915429453694e-01
1.271271271271271388e+02,9.635239063762338629e-01,3.035939262649720027e-01
1.281281281281281395e+02,9.517055637220629416e-01,2.871199268885529787e-01
1.291291291291291543e+02,9.528845872466470412e-01,2.993380071487483640e-01
1.301301301301301407e+02,9.568640704325227508e-01,2.617139785319902989e-01
1.311311311311311556e+02,9.558638622650411643e-01,2.531216291968196308e-01
1.321321321321321420e+02,9.689834136366779482e-01,2.545731428187069101e-01
1.331331331331331569e+02,9.653601413558068334e-01,2.353251826234590283e-01
1.341341341341341433e+02,9.596256077923261962e-01,2.191728050858172128e-01
1.351351351351351582e+02,1.003576497393199318e+00,2.281003743636030867e-01
1.361361361361361446e+02,9.703343052251856005e-01,1.945332729094553237e-01
1.371371371371371595e+02,9.704248312077612404e-01,1.978888074131972263e-01
1.381381381381381459e+02,9.824618376927085617e-01,1.808407305961167721e-01
1.391391391391391608e+02,9.710843080848864384e-01,1.926678762654442933e-01
1.401401401401401472e+02,9.902038089407388943e-01,1.648402856225699709e-01
1.411411411411411621e+02,9.851184787209145144e-01,1.534156436089150199e-01
1.421421421421421485e+02,9.595038432655681460e-01,1.499766461011228513e-01
1.431431431431431633e+02,9.795989768831133704e-01,1.288873527829127175e-01
1.441441441441441498e+02,9.852426922085890659e-01,1.363174617354774576e-01
1.451451451451451646e+02,9.811815411319395608e-01,1.047189536325751347e-01
1.461461461461461511e+02,1.000427416191429497e+00,1.166608509913366343e-01
1.471471471471471659e+02,9.854820034231994708e-01,1.047855989523850673e-01
1.481481481481481524e+02,9.930977556437403653e-01,9.220906823814059572e-02
1.491491491491491672e+02,9.842474165173021872e-01,8.755067785331969998e-02
1.501501501501501536e+02,1.009632663690442689e+00,7.561011462788125304e-02
1.511511511511511685e+02,1.003826569605104524e+00,2.152734187332766558e-02
1.521521521521521549e+02,1.001392539887394406e+00,4.900041460297716728e-02
1.531531531531531698e+02,9.977587818909662287e-01,3.294892689420344384e-02
1.541541541541541562e+02,1.000125759037584938e+00,3.337178656863845627e-02
1.551551551551551711e+02,9.971769434227542028e-01,1.461034594800993125e-02
1.561561561561561575e+02,1.012254897967969081e+00,-1.819037096961287001e-03
1.571571571571571724e+02,1.010301251476021900e+00,9.928799382844461299e-04
1.581581581581581588e+02,9.918987832505475888e-01,-1.368486465536160497e-02
1.591591591591591737e+02,9.905838502447409377e-01,-1.404312085042684795e-02
1.601601601601601601e+02,1.003004572662829830e+00,-3.636836460170028013e-02
1.611611611611611750e+02,9.881449888982470897e-01,-3.778679254695678502e-02
1.621621621621621898e+02,1.008282528788074561e+00,-5.194177907332866995e-02
1.631631631631631763e+02,1.002333628485986283e+00,-6.455805870755255971e-02
1.641641641641641911e+02,9.981672121895384109e-01,-7.369889603286422508e-02
1.651651651651651775e+02,9.996734100961534031e-01,-9.586497904021168415e-02
1.661661661661661924e+02,1.002316490324315357e+00,-9.303967288128649205e-02
1.671671671671671788e+02,9.985024760955603096e-01,-1.041074513610992652e-01
1.681681681681681937e+02,9.970621275501800884e-01,-1.213838896270368894e-01
1.691691691691691801e+02,1.004592595928405663e+00,-1.376365310629627248e-01
1.701701701701701950e+02,9.810517316897778839e-01,-1.281751639279751775e-01
1.711711711711711814e+02,1.004716268554340042e+00,-1.376682218232457844e-01
1.721721721721721963e+02,9.861532807434445491e-01,-1.646039735286518035e-01
1.731731731731731827e+02,9.851650578128483549e-01,-1.604403641643387113e-01
1.741741741741741976e+02,1.002330065402788906e+00,-1.638928076737678763e-01
1.751751751751751840e+02,9.683812656980403943e-01,-1.597016894357276284e-01
1.761761761761761989e+02,9.778713477638988349e-01,-1.986014651881146953e-01
1.771771771771771853e+02,9.946205471288996902e-01,-2.001227947505630489e-01
1.781781781781782001e+02,9.741509860223462880e-01,-2.072357440230545578e-01
1.791791791791791866e+02,9.841286136861570055e-01,-2.092676244999193413e-01
1.801801801801802014e+02,9.596846531628409060e-01,-2.089715906524075018e-01
1.811811811811811879e+02,9.805647064912680344e-01,-2.424808934769310809e-01
1.821821821821822027e+02,9.604716022365330508e-01,-2.580875681679966616e-01
1.831831831831831892e+02,9.673570362356932462e-01,-2.645612785152592350e-01
1.841841841841842040e+02,9.558427582835186120e-01,-2.596263836475165010e-01
1.851851851851851904e+02,9.644088761196994986e-01,-2.813156251077650327e-01
1.861861861861862053e+02,9.652811154306637498e-01,-2.732993187705775595e-01
1.871871871871871917e+02,9.440731281919281237e-01,-3.025804618339337781e-01
1.881881881881882066e+02,9.614280692692368513e-01,-2.989028613884604502e-01
1.891891891891891930e+02,9.511572089053064172e-01,-3.039821089441162028e-01
1.901901901901902079e+02,9.348013942324087111e-01,-3.398801293464067119e-01
1.911911911911911943e+02,9.337169721527925903e-01,-3.333131665238145414e-01
1.921921921921922092e+02,9.310252860009634590e-01,-3.488271249248356964e-01
1.931931931931932240e+02,9.257461746782102985e-01,-3.595411065870802725e-01
1.941941941941942105e+02,9.218645895814402413e-01,-3.590086207048245326e-01
1.951951951951952253e+02,9.361842812244479672e-01,-3.767978691081766418e-01
1.961961961961962118e+02,9.223926126768126066e-01,-3.870765888486634165e-01
1.971971971971972266e+02,9.259150519504318888e-01,-3.896103534715995576e-01
1.981981981981982130e+02,9.325891340792088480e-01,-4.106511569786601146e-01
1.991991991991992279e+02,9.162257677550451618e-01,-4.044119960005088110e-01
2.002002002002002143e+02,9.048580766355109883e-01,-4.121310753657124737e-01
2.012012012012012292e+02,8.898479599846532695e-01,-4.058510129640075514e-01
2.022022022022022156e+02,8.864928463904608869e-01,-4.268708082142849691e-01
2.032032032032032305e+02,8.842919977535482756e-01,-4.335461941882445824e-01
2.042042042042042169e+02,8.871556889535994195e-01,-4.524123448347828202e-01
2.052052052052052318e+02,8.869477933877180087e-01,-4.518852921487597762e-01
2.062062062062062182e+02,8.785209896970873622e-01,-5.014141477978497630e-01
2.072072072072072331e+02,8.693696351448757520e-01,-4.787075967395735820e-01
2.082082082082082195e+02,8.677114278977662298e-01,-4.816007704064692585e-01
2.092092092092092344e+02,8.773278812406367644e-01,-4.994819284725989794e-01
2.102102102102102208e+02,8.472497682404811492e-01,-4.928178909726517176e-01
2.112112112112112356e+02,8.678619814996703097e-01,-5.182560181000821498e-01
2.122122122122122221e+02,8.729136808354881483e-01,-5.273057968558644282e-01
2.132132132132132369e+02,8.351735967513166381e-01,-5.338762259032479029e-01
2.142142142142142234e+02,8.519523050101215356e-01,-5.501391373747750446e-01
2.152152152152152382e+02,8.552311073515804773e-01,-5.581227921554636762e-01
2.162162162162162247e+02,8.397242294757842895e-01,-5.520508080380952531e-01
2.172172172172172395e+02,8.230174026624990091e-01,-5.549721430200381667e-01
2.182182182182182260e+02,8.038553316492673684e-01,-5.604271053656075807e-01
2.192192192192192408e+02,8.124297768643790052e-01,-5.875950113862317137e-01
2.202202202202202272e+02,8.146901864116001812e-01,-5.796811712164424701e-01
2.212212212212212421e+02,8.089473481631489493e-01,-5.783354798512062578e-01
2.222222222222222285e+02,8.060273177835500791e-01,-5.934858560496313329e-01
2.232232232232232434e+02,7.837124001941605522e-01,-6.131853358841252710e-01
2.242242242242242583e+02,7.885527794290707604e-01,-6.222960997246139714e-01
2.252252252252252447e+02,7.796727715173463746e-01,-6.256633974412236787e-01
2.262262262262262595e+02,7.787545033855236554e-01,-6.386831836636699400e-01
2.272272272272272460e+02,7.603925322221474215e-01,-6.536290070106031136e-01
2.282282282282282608e+02,7.484751198611110379e-01,-6.412354306793026648e-01
2.292292292292292473e+02,7.499732566723448235e-01,-6.526391653500682732e-01
2.302302302302302621e+02,7.311956299105699664e-01,-6.873727738391481878e-01
2.312312312312312486e+02,7.269545875240122079e-01,-6.639403743361734778e-01
2.322322322322322634e+02,7.413286140487382880e-01,-6.794341337997319430e-01
2.332332332332332498e+02,7.157552674435091467e-01,-6.913420105241450120e-01
2.342342342342342647e+02,7.138559713776667648e-01,-7.006940407645121383e-01
2.352352352352352511e+02,6.847576586931326537e-01,-7.129640308525733161e-01
2.362362362362362660e+02,7.008309257813760684e-01,-6.962903698083124926e-01
2.372372372372372524e+02,6.971826892304247014e-01,-7.044443581831194567e-01
2.382382382382382673e+02,6.844117373845226560e-01,-7.279067315680738393e-01
2.392392392392392537e+02,6.420591648233177073e-01,-7.276004644018290168e-01
2.402402402402402686e+02,6.791606732053386830e-01,-7.213767297057529504e-01
2.412412412412412550e+02,6.613909356037801501e-01,-7.447792826082313411e-01
2.422422422422422699e+02,6.517053405350748951e-01,-7.641151777615875496e-01
2.432432432432432563e+02,6.440656053246366364e-01,-7.623589899676576076e-01
2.442442442442442712e+02,6.571218806298062542e-01,-7.653672440401894095e-01
2.452452452452452576e+02,6.279683824791247870e-01,-7.703742455192067462e-01
2.462462462462462724e+02,6.302921601472758484e-01,-7.848816748499810592e-01
2.472472472472472589e+02,6.317284619427369075e-01,-8.032512065465883255e-01
2.482482482482482737e+02,6.102782051412303232e-01,-7.838868271024471701e-01
2.492492492492492602e+02,5.910854884534590958e-01,-7.930155089618926567e-01
2.502502502502502750e+02,6.093943388251650273e-01,-7.981020707922990010e-01
2.512512512512512615e+02,5.714996380544112853e-01,-8.158510467200953409e-01
2.522522522522522763e+02,5.926011431817230779e-01,-8.114350388161134520e-01
2.532532532532532628e+02,5.719982478889305000e-01,-8.157740758545790616e-01
2.542542542542542776e+02,5.710687310947426543e-01,-8.329562424971280743e-01
2.552552552552552640e+02,5.526591468213821745e-01,-8.300452100734539984e-01
2.562562562562562789e+02,5.417728093022065039e-01,-8.383283053108392391e-01
2.572572572572572653e+02,5.517855126421937761e-01,-8.521075651988567756e-01
2.582582582582583086e+02,5.496138424801034761e-01,-8.289870886338290834e-01
2.592592592592592950e+02,5.047001008609156569e-01,-8.544569777597850191e-01
2.602602602602602815e+02,5.166964032522444183e-01,-8.658362058577286913e-01
2.612612612612612679e+02,4.972422455067682656e-01,-8.656964018892651103e-01
2.622622622622623112e+02,5.033778284375249878e-01,-8.734438288246804127e-01
2.632632632632632976e+02,5.055362851694220616e-01,-8.703519896756332086e-01
2.642642642642642841e+02,4.774780695719331169e-01,-8.635928727564974317e-01
2.652652652652652705e+02,4.759531638965180389e-01,-8.791383580665672604e-01
2.662662662662663138e+02,4.575184149299833525e-01,-8.693486666847567435e-01
2.672672672672673002e+02,4.600413265661333351e-01,-8.940910073093205623e-01
2.682682682682682866e+02,4.271991286196259452e-01,-8.928063660360544551e-01
2.692692692692692731e+02,4.225373431944731695e-01,-9.180844960605221150e-01
2.702702702702703164e+02,4.221433690132148087e-01,-9.024092084007773185e-01
2.712712712712713028e+02,4.286772581096247592e-01,-9.066075811062949130e-01
2.722722722722722892e+02,4.147885345573447680e-01,-9.258079817351898555e-01
2.732732732732732757e+02,3.973381570623267800e-01,-9.163325596783351568e-01
2.742742742742743189e+02,3.969812445871881978e-01,-9.203476438353400679e-01
2.752752752752753054e+02,3.871559628844102874e-01,-9.303914861131631353e-01
2.762762762762762918e+02,3.734131257905093371e-01,-9.249493531655655909e-01
2.772772772772772782e+02,3.480171657816209518e-01,-9.309980593120790182e-01
2.782782782782783215e+02,3.479565206551288314e-01,-9.553562921085221316e-01
2.792792792792793080e+02,3.513542495649084052e-01,-9.434021481477856685e-01
2.802802802802802944e+02,3.238220738320560232e-01,-9.469307116951942715e-01
2.812812812812812808e+02,3.242704682062101385e-01,-9.313579284481521281e-01
2.822822822822823241e+02,3.117392706550217163e-01,-9.448975948732196706e-01
2.832832832832833105e+02,3.176131315924963783e-01,-9.473756594991850077e-01
2.842842842842842970e+02,3.050112661898526367e-01,-9.604702972227485702e-01
2.852852852852852834e+02,2.924549134028028297e-01,-9.591832313068664462e-01
2.862862862862863267e+02,2.858787967971549437e-01,-9.714412881452687554e-01
2.872872872872873131e+02,2.577018028262040295e-01,-9.514242654826648993e-01
2.882882882882882996e+02,2.538726338741728594e-01,-9.703104729977234388e-01
2.892892892892893428e+02,2.469196566577452068e-01,-9.761282615127661044e-01
2.902902902902903293e+02,2.497491415238926593e-01,-9.841402172089761535e-01
2.912912912912913157e+02,2.251858530973879502e-01,-9.704970079204535693e-01
2.922922922922923021e+02,2.158867532326250449e-01,-9.842097653918417954e-01
2.932932932932933454e+02,1.984649864057606572e-01,-9.740554864377702904e-01
2.942942942942943318e+02,1.870409721150899651e-01,-9.738715183163274558e-01
2.952952952952953183e+02,1.722814172827887291e-01,-9.878100620825430722e-01
2.962962962962963047e+02,1.780442957513148905e-01,-9.966096143433212928e-01
2.972972972972973480e+02,1.743418752067442401e-01,-9.860027417360980317e-01
2.982982982982983344e+02,1.475847451484323114e-01,-1.002636716224469593e+00
2.992992992992993209e+02,1.323974775908591250e-01,-9.884690330562058147e-01
3.003003003003003073e+02,1.265781247057701231e-01,-1.004060611892613641e+00
3.013013013013013506e+02,1.259133786955840828e-01,-9.689700152817168899e-01
3.023023023023023370e+02,1.210674057967434519e-01,-9.853496645209869342e-01
3.033033033033033234e+02,1.104736969858153284e-01,-9.862833675721033311e-01
3.043043043043043099e+02,8.495928209464762015e-02,-9.994530357038646784e-01
3.053053053053053532e+02,9.103747348943552753e-02,-9.962620976437246423e-01
3.063063063063063396e+02,7.652896923237602345e-02,-1.003576896786477102e+00
3.073073073073073260e+02,6.588214626876254254e-02,-1.005395430071226892e+00
3.083083083083083125e+02,3.425786275530574160e-02,-1.010233887751774917e+00
3.093093093093093557e+02,5.323707861757663584e-02,-9.832533472776683325e-01
3.103103103103103422e+02,5.661584954196470509e-02,-9.982918512552952928e-01
3.113113113113113286e+02,3.740952698290764961e-02,-9.905147061900044791e-01
3.123123123123123150e+02,1.154588858058174308e-02,-1.016808841375274497e+00
3.133133133133133583e+02,8.768292751772474580e-03,-1.017586228442615370e+00
3.143143143143143448e+02,-4.749785061664369215e-03,-9.939176271234195781e-01
3.153153153153153312e+02,-2.576093694529749817e-02,-9.996102243298125023e-01
3.163163163163163176e+02,-9.168655713332781246e-03,-9.961522408385181659e-01
3.173173173173173609e+02,-2.635205347516579588e-02,-9.904339726962753110e-01
3.183183183183183473e+02,-2.424890955241960216e-02,-9.976210077709712909e-01
3.193193193193193338e+02,-3.928263530303138795e-02,-9.993106796902393452e-01
3.203203203203203202e+02,-6.703326766306781648e-02,-9.949544606723589313e-01
3.213213213213213635e+02,-7.761747414077280194e-02,-1.003167636015553255e+00
3.223223223223223499e+02,-8.761734790934082306e-02,-1.019624316715814549e+00
3.233233233233233364e+02,-9.045737251395384593e-02,-1.008442293442027848e+00
3.243243243243243796e+02,-1.025483146927574502e-01,-9.803383381260629692e-01
3.253253253253253661e+02,-1.166387151096072300e-01,-9.991925213535294281e-01
3.263263263263263525e+02,-1.077315413288013890e-01,-9.871442004880243148e-01
3.273273273273273389e+02,-1.215351262230216361e-01,-9.948955401411910815e-01
3.283283283283283822e+02,-1.337361708611815025e-01,-9.968403513518662162e-01
3.293293293293293686e+02,-1.578794761714831796e-01,-9.825530650058431625e-01
3.303303303303303551e+02,-1.669905044646221581e-01,-9.792821159592827174e-01
3.313313313313313415e+02,-1.469611084419467639e-01,-1.002153728173499125e+00
3.323323323323323848e+02,-1.882540567224640915e-01,-9.723309166475666565e-01
3.333333333333333712e+02,-1.920187445704180651e-01,-9.700631062131531701e-01
3.343343343343343577e+02,-2.104854607133647415e-01,-9.764038259692569000e-01
3.353353353353353441e+02,-2.116871578155133105e-01,-9.762586564100271813e-01
3.363363363363363874e+02,-2.166461510189126305e-01,-9.877095619122000514e-01
3.373373373373373738e+02,-2.404523630306139026e-01,-9.592664473349761245e-01
3.383383383383383602e+02,-2.365095111109378201e-01,-9.698472931741075609e-01
3.393393393393393467e+02,-2.495890635778632294e-01,-9.648999158791463637e-01
3.403403403403403900e+02,-2.703893873430756600e-01,-9.759131588399407864e-01
3.413413413413413764e+02,-2.554407064450542886e-01,-9.617708930021624525e-01
3.423423423423423628e+02,-2.696116470166070589e-01,-9.666045244848249229e-01
3.433433433433433493e+02,-2.739484018462221560e-01,-9.542630931744913170e-01
3.443443443443443925e+02,-2.924753683995802156e-01,-9.493006140453004171e-01
3.453453453453453790e+02,-3.148003018472703696e-01,-9.704214770149327540e-01
3.463463463463463654e+02,-3.270898747634247705e-01,-9.323400344962552433e-01
3.473473473473473518e+02,-3.128149497448602934e-01,-9.489004176924570322e-01
3.483483483483483951e+02,-3.382858469053447448e-01,-9.317563544832431210e-01
3.493493493493493816e+02,-3.463668827670520201e-01,-9.517118210392592204e-01
3.503503503503503680e+02,-3.414065164879698244e-01,-9.304501864784924248e-01
3.513513513513513544e+02,-3.885690311211251746e-01,-9.347629144925235778e-01
3.523523523523523977e+02,-3.712762054457651728e-01,-9.231342374182905930e-01
3.533533533533533841e+02,-3.804613234595567994e-01,-9.305268361506903174e-01
3.543543543543543706e+02,-3.923720791917814088e-01,-9.173515262080982335e-01
3.553553553553554138e+02,-4.030869835244552113e-01,-9.200564342745620738e-01
3.563563563563564003e+02,-3.970384366375716567e-01,-9.217495851013711716e-01
3.573573573573573867e+02,-4.221652064714010444e-01,-9.284508692320534440e-01
3.583583583583583732e+02,-4.223302172951003963e-01,-8.956192103974408569e-01
3.593593593593594164e+02,-4.312815344626704794e-01,-8.903982355345103628e-01
3.603603603603604029e+02,-4.413420574406882180e-01,-8.917327749841854612e-01
3.613613613613613893e+02,-4.499477124948599860e-01,-8.933242873534219530e-01
3.623623623623623757e+02,-4.516964034032748265e-01,-8.895409550512874963e-01
3.633633633633634190e+02,-4.870492497097555495e-01,-8.728726473728973811e-01
3.643643643643644054e+02,-4.627174142828099357e-01,-8.861989309601305820e-01
3.653653653653653919e+02,-4.909912465713447971e-01,-8.785909415411808920e-01
3.663663663663663783e+02,-5.024821657440275979e-01,-8.663273458510203362e-01
3.673673673673674216e+02,-5.197458486367362296e-01,-8.645297146959277645e-01
3.683683683683684080e+02,-5.305880348690218407e-01,-8.623140095708078379e-01
3.693693693693693945e+02,-5.363379586962414569e-01,-8.620150613538543061e-01
3.703703703703703809e+02,-5.501727177737310015e-01,-8.339383173660545046e-01
3.713713713713714242e+02,-5.363259652605265604e-01,-8.599291306231320320e-01
3.723723723723724106e+02,-5.557735275405977227e-01,-8.419972599737401975e-01
3.733733733733733970e+02,-5.650482981826365769e-01,-8.442163969883883512e-01
3.743743743743743835e+02,-5.588726797739499430e-01,-8.280777473452892723e-01
3.753753753753754268e+02,-5.699559733461709854e-01,-8.131405231731111405e-01
3.763763763763764132e+02,-5.690463564122137941e-01,-8.307637708859637593e-01
3.773773773773773996e+02,-5.735197391739543793e-01,-7.940524390613389327e-01
3.783783783783783861e+02,-5.932208426838350146e-01,-7.769493782249629055e-01
3.793793793793794293e+02,-6.048874443275441548e-01,-7.865349818159810269e-01
3.803803803803804158e+02,-6.222462830341285445e-01,-7.772910338556943133e-01
3.813813813813814022e+02,-6.210471875818397436e-01,-7.869524255775096622e-01
3.823823823823823886e+02,-6.093569625976522630e-01,-7.792158368571973082e-01
3.833833833833834319e+02,-6.381754702038783256e-01,-7.717902842665372853e-01
3.843843843843844184e+02,-6.534945677925986240e-01,-7.580772698703240886e-01
3.853853853853854048e+02,-6.461628151761373839e-01,-7.533422865125914969e-01
3.863863863863864481e+02,-6.846962613311201595e-01,-7.402262200976131856e-01
3.873873873873874345e+02,-6.720701888066641372e-01,-7.558144223147198471e-01
3.883883883883884209e+02,-6.699453321741281053e-01,-7.312931786058124439e-01
3.893893893893894074e+02,-6.937514825963591036e-01,-7.053939614785245116e-01
3.903903903903904506e+02,-7.026911465039497040e-01,-7.405718333040449686e-01
3.913913913913914371e+02,-7.093415334730922561e-01,-7.020848273835174069e-01
3.923923923923924235e+02,-7.066934054993859737e-01,-7.129926400860985281e-01
3.933933933933934100e+02,-7.126208003931705504e-01,-7.081463910006053908e-01
3.943943943943944532e+02,-7.258949003142570744e-01,-7.014302274886389243e-01
3.953953953953954397e+02,-7.188337113059645178e-01,-6.775816938848598925e-01
3.963963963963964261e+02,-7.433124564000983536e-01,-6.780932374014997377e-01
3.973973973973974125e+02,-7.316543002949869035e-01,-6.839341167073618166e-01
3.983983983983984558e+02,-7.512627794069042242e-01,-6.760608730067579897e-01
3.993993993993994422e+02,-7.657733671375730466e-01,-6.571585360649009333e-01
4.004004004004004287e+02,-7.667749371643227674e-01,-6.442968582315595771e-01
4.014014014014014151e+02,-7.661822715839796683e-01,-6.388476693535198869e-01
4.024024024024024584e+02,-7.752085788187083049e-01,-6.416252848697543421e-01
4.034034034034034448e+02,-7.795127957602961954e-01,-6.275629862394380698e-01
4.044044044044044313e+02,-7.919069181610038921e-01,-6.154219078097972195e-01
4.054054054054054177e+02,-7.835460720775802024e-01,-6.102197803403289766e-01
4.064064064064064610e+02,-7.799615101935659656e-01,-6.101754404301152901e-01
4.074074074074074474e+02,-7.978949847040757160e-01,-5.999303356272539522e-01
4.084084084084084338e+02,-8.066787133724413472e-01,-5.960737151583133109e-01
4.094094094094094203e+02,-8.037167702866681029e-01,-5.778863521836351547e-01
4.104104104104104636e+02,-8.087069053786897221e-01,-5.841217762135723079e-01
4.114114114114114500e+02,-8.312436221597075958e-01,-5.721434775844920217e-01
4.124124124124124364e+02,-8.372242127483182639e-01,-5.618444815664619396e-01
4.134134134134134229e+02,-8.386231710517384474e-01,-5.467358185202251253e-01
4.144144144144144661e+02,-8.432566691586534935e-01,-5.437087829521368709e-01
4.154154154154154526e+02,-8.463171747362033814e-01,-5.209336636992472069e-01
4.164164164164164390e+02,-8.624737998523055449e-01,-5.211641322063031989e-01
4.174174174174174823e+02,-8.593658554245550141e-01,-5.079204506588921308e-01
4.184184184184184687e+02,-8.643518009416876202e-01,-5.041402609362826137e-01
4.194194194194194552e+02,-8.786256978764175329e-01,-4.950956915211984222e-01
4.204204204204204416e+02,-8.828480651562272685e-01,-4.814351743717014132e-01
4.214214214214214849e+02,-8.794883526358335812e-01,-4.774243633395598985e-01
4.224224224224224713e+02,-8.921069891571328236e-01,-4.609682247755558238e-01
4.234234234234234577e+02,-8.809223729162365402e-01,-4.515264202140377159e-01
4.244244244244244442e+02,-8.701331160715782831e-01,-4.517566063095082574e-01
4.254254254254254874e+02,-8.848449946972729574e-01,-4.435142303873099157e-01
4.264264264264264739e+02,-8.973203294744497294e-01,-4.296228020701918782e-01
4.274274274274274603e+02,-9.029071582876068147e-01,-4.176504245438517615e-01
4.284284284284284468e+02,-9.127935772803380532e-01,-4.147379655782491570e-01
4.294294294294294900e+02,-9.085110976749669609e-01,-3.885414539230212516e-01
4.304304304304304765e+02,-9.263061728074737378e-01,-4.149133406710251992e-01
4.314314314314314629e+02,-9.266499016534931465e-01,-3.867449873221482926e-01
4.324324324324324493e+02,-9.238933516622022113e-01,-3.774755092307119919e-01
4.334334334334334926e+02,-9.175565482751869562e-01,-3.593526893520406218e-01
4.344344344344344790e+02,-9.335253316357852160e-01,-3.644871737552824453e-01
4.354354354354354655e+02,-9.400474551129650580e-01,-3.539972083698198491e-01
4.364364364364364519e+02,-9.423042291984512486e-01,-3.567680234520675397e-01
4.374374374374374952e+02,-9.480253177286546151e-01,-3.358634968690439315e-01
4.384384384384384816e+02,-9.485758603131813071e-01,-3.246976479849644770e-01
4.394394394394394681e+02,-9.431442736685246020e-01,-3.179817529021181088e-01
4.404404404404404545e+02,-9.573322348297149675e-01,-2.977192746808065005e-01
4.414414414414414978e+02,-9.582862342894199470e-01,-2.914200835126375400e-01
4.424424424424424842e+02,-9.521305728624280817e-01,-2.797814873643597600e-01
4.434434434434434706e+02,-9.591170757465774521e-01,-2.763536926537777383e-01
4.444444444444444571e+02,-9.574981758978461377e-01,-2.629943787708328706e-01
4.454454454454455004e+02,-9.719674370837733113e-01,-2.565920433641193932e-01
4.464464464464464868e+02,-9.816051112345502982e-01,-2.550080252711010576e-01
4.474474474474474732e+02,-9.906606699706446140e-01,-2.424757051877539094e-01
4.484484484484485165e+02,-9.607865305239726705e-01,-2.315015909656403525e-01
4.494494494494495029e+02,-9.684793632022101750e-01,-2.162088735655261773e-01
4.504504504504504894e+02,-9.854752160126080129e-01,-1.930075917731611523e-01
4.514514514514514758e+02,-9.746645835624188070e-01,-2.141037242722940159e-01
4.524524524524525191e+02,-9.719912900970151259e-01,-1.975092674831949446e-01
4.534534534534535055e+02,-9.860046850900058280e-01,-1.702371388382250827e-01
4.544544544544544920e+02,-9.889456919036093696e-01,-1.558680259069105956e-01
4.554554554554554784e+02,-9.799573459891979255e-01,-1.729486769074187469e-01
4.564564564564565217e+02,-9.938181944726292016e-01,-1.444658884660275922e-01
4.574574574574575081e+02,-9.962686023612651320e-01,-1.395413378148263328e-01
4.584584584584584945e+02,-9.838462796409576105e-01,-1.242889413816374300e-01
4.594594594594594810e+02,-1.002276450062825175e+00,-1.157761013519474774e-01
4.604604604604605242e+02,-1.000319581911336853e+00,-1.197277235768689496e-01
4.614614614614615107e+02,-1.006524451914447171e+00,-9.474910051520142595e-02
4.624624624624624971e+02,-9.964323174281404238e-01,-8.759741236528707786e-02
4.634634634634634835e+02,-1.008440743986642296e+00,-7.951531785902091198e-02
4.644644644644645268e+02,-1.008077905998692403e+00,-7.695646950729943814e-02
4.654654654654655133e+02,-9.999851042731927597e-01,-7.153616174200519429e-02
4.664664664664664997e+02,-9.921687383106443381e-01,-2.283737303800886104e-02
4.674674674674674861e+02,-9.947006673747168515e-01,-4.813439712681795435e-02
4.684684684684685294e+02,-1.002328115686571541e+00,-4.325513130138280982e-02
4.694694694694695158e+02,-1.003619624024170598e+00,-1.262022303808321699e-02
4.704704704704705023e+02,-9.940766284370571304e-01,-1.800162759515549701e-02
4.714714714714714887e+02,-9.970058389462659321e-01,1.388981248341491538e-02
4.724724724724725320e+02,-9.823729998196214508e-01,5.327482659183306601e-03
4.734734734734735184e+02,-1.008392344140766284e+00,2.288805342656366482e-02
4.744744744744745049e+02,-1.028757499646685281e+00,2.703977912676917839e-02
4.754754754754754913e+02,-1.001812454496030069e+00,3.775968220122916802e-02
4.764764764764765346e+02,-1.014467434411210567e+00,4.989633017952711802e-02
4.774774774774775210e+02,-1.005820723596401844e+00,6.992016539520044816e-02
4.784784784784785074e+02,-1.006565316296893720e+00,6.950913009768752704e-02
4.794794794794794939e+02,-9.989360411026122488e-01,8.798829450736084246e-02
4.804804804804805372e+02,-1.021191742140805658e+00,8.887808215856866922e-02
4.814814814814815236e+02,-9.871629070479548407e-01,9.862995352614667421e-02
4.824824824824825100e+02,-1.008955116283913434e+00,1.154650769280097661e-01
4.834834834834835533e+02,-9.891459988580152407e-01,1.194352182971864795e-01
4.844844844844845397e+02,-1.002838497036675047e+00,1.246621394023337964e-01
4.854854854854855262e+02,-9.930064553258993731e-01,1.332291077088274545e-01
4.864864864864865126e+02,-1.007599839660879182e+00,1.441928869215318987e-01
4.874874874874875559e+02,-9.874456245077025685e-01,1.567012540111729080e-01
4.884884884884885423e+02,-9.859151628850588711e-01,1.724783247938760367e-01
4.894894894894895288e+02,-9.744262163736985283e-01,2.035326781481179292e-01
4.904904904904905152e+02,-9.742081845115779792e-01,1.772856577122203792e-01
4.914914914914915585e+02,-1.006131075545243947e+00,2.001996566976214365e-01
4.924924924924925449e+02,-9.767852433293988668e-01,1.993207259837477263e-01
4.934934934934935313e+02,-9.726183630313269823e-01,2.130441078005092803e-01
4.944944944944945178e+02,-9.690538153837700008e-01,2.272102512118756301e-01
4.954954954954955610e+02,-9.667502129670400013e-01,2.227623177501493190e-01
4.964964964964965475e+02,-9.726565676796967708e-01,2.484130790390733923e-01
4.974974974974975339e+02,-9.799706859091047439e-01,2.784021513489569610e-01
4.984984984984985203e+02,-9.684829476880981725e-01,2.831322060662376794e-01
4.994994994994995636e+02,-9.669754097674512217e-01,2.765595202798162844e-01
5.005005005005005501e+02,-9.456535202779741134e-01,2.914963017978902671e-01
5.015015015015015365e+02,-9.526366061920278350e-01,3.006873660021109895e-01
5.025025025025025229e+02,-9.651876926426903314e-01,3.036724327177887095e-01
5.035035035035035662e+02,-9.579641921981189023e-01,3.190513217657371947e-01
5.045045045045045526e+02,-9.506183095974443109e-01,3.261140408520979417e-01
5.055055055055055391e+02,-9.426351401985036960e-01,3.356356544435356026e-01
5.065065065065065255e+02,-9.387991979686892696e-01,3.388866364987252466e-01
5.075075075075075688e+02,-9.454872345290632474e-01,3.481433038003962088e-01
5.085085085085085552e+02,-9.206336217822728152e-01,3.678693848361507812e-01
5.095095095095095417e+02,-9.217879295271367290e-01,3.872318604051564472e-01
5.105105105105105281e+02,-9.356673196268029402e-01,3.877987022232417536e-01
5.115115115115115714e+02,-9.307467069289279138e-01,3.885845025336611691e-01
5.125125125125125578e+02,-9.111843399286104761e-01,4.172606607493618003e-01
5.135135135135135442e+02,-9.197873748725412524e-01,4.093184333685850884e-01
5.145145145145145307e+02,-8.962509660230846276e-01,4.044763940645395572e-01
5.155155155155155171e+02,-8.999488511211736208e-01,4.253577520103628551e-01
5.165165165165166172e+02,-9.080530389610811381e-01,4.389299704895293641e-01
5.175175175175176037e+02,-8.888628366321462693e-01,4.373219597556230465e-01
5.185185185185185901e+02,-8.864985437442994831e-01,4.571112190502633066e-01
5.195195195195195765e+02,-8.981137135085437428e-01,4.798005810154276074e-01
5.205205205205205630e+02,-8.701049464138774781e-01,4.645095988095471751e-01
5.215215215215215494e+02,-8.820903984773011963e-01,4.896116773136388045e-01
5.225225225225225358e+02,-8.763108994778470162e-01,4.722534111018197311e-01
5.235235235235235223e+02,-8.559125977891378634e-01,4.994359706348744932e-01
5.245245245245246224e+02,-8.422893539550737607e-01,5.115703524705925709e-01
5.255255255255256088e+02,-8.543215801508842189e-01,5.453373099916929423e-01
5.265265265265265953e+02,-8.527362737465873366e-01,5.156190091958866573e-01
5.275275275275275817e+02,-8.434264442265670958e-01,5.449869590792684182e-01
5.285285285285285681e+02,-8.519857086667583790e-01,5.329855327796888531e-01
5.295295295295295546e+02,-8.303686183767879925e-01,5.184791888382647151e-01
5.305305305305305410e+02,-8.402414049115352057e-01,5.667367874022665175e-01
5.315315315315315274e+02,-8.295471495843836918e-01,5.507904294222928376e-01
5.325325325325326276e+02,-7.987066836604234110e-01,5.611664047147975065e-01
5.335335335335336140e+02,-8.173966461473356482e-01,5.797032949114714340e-01
5.345345345345346004e+02,-8.054508088748536521e-01,5.878359520679518058e-01
5.355355355355355869e+02,-8.011303766878500321e-01,6.001470729709752483e-01
5.365365365365365733e+02,-7.951457715698455608e-01,6.084859118747635298e-01
5.375375375375375597e+02,-8.119469592097670052e-01,6.198839902309538630e-01
5.385385385385385462e+02,-7.960019913817295567e-01,6.016653878275008971e-01
5.395395395395395326e+02,-7.618653156927388537e-01,6.182727323179272316e-01
5.405405405405406327e+02,-7.675237514545798501e-01,6.311350737337648731e-01
5.415415415415416192e+02,-7.696736667331238735e-01,6.513660262863346651e-01
5.425425425425426056e+02,-7.668613751574896442e-01,6.578602294437221332e-01
5.435435435435435920e+02,-7.459865330115424964e-01,6.733164300934200153e-01
5.445445445445445785e+02,-7.464947932849651524e-01,6.796099385775371537e-01
5.455455455455455649e+02,-7.191904558244770485e-01,6.924160560463518133e-01
5.465465465465465513e+02,-7.237275885110266982e-01,6.883782213093309066e-01
5.475475475475476514e+02,-6.942116592965009714e-01,7.134771224492892916e-01
5.485485485485486379e+02,-7.234178177951032795e-01,7.075910020986573290e-01
5.495495495495496243e+02,-7.027057707526479513e-01,7.062071604377703204e-01
5.505505505505506108e+02,-7.000949443100196179e-01,7.174212218671748298e-01
5.515515515515515972e+02,-6.850868839798234244e-01,7.217185578152012226e-01
5.525525525525525836e+02,-6.838253485028504830e-01,7.403676541900167107e-01
5.535535535535535701e+02,-6.767400407048196342e-01,7.387390781908441673e-01
5.545545545545545565e+02,-6.626407723208025402e-01,7.563906047095538820e-01
5.555555555555556566e+02,-6.528311056868177920e-01,7.505251038397172669e-01
5.565565565565566430e+02,-6.555151593161608892e-01,7.411370680498527985e-01
5.575575575575576295e+02,-6.470985967945861450e-01,7.495460681648364876e-01
5.585585585585586159e+02,-6.526203934529982709e-01,7.728913736223057551e-01
5.595595595595596023e+02,-6.356821815444039236e-01,7.775001063965291115e-01
5.605605605605605888e+02,-6.331788573173381396e-01,7.911043466572904581e-01
5.615615615615615752e+02,-6.176415048096418614e-01,7.972058203678439314e-01
5.625625625625625617e+02,-6.044527907685209867e-01,7.931385685002049213e-01
5.635635635635636618e+02,-6.080191982123361871e-01,7.978793884268432501e-01
5.645645645645646482e+02,-5.869401039615557147e-01,8.105392090116135817e-01
5.655655655655656346e+02,-5.991026993109286325e-01,8.197372546724874809e-01
5.665665665665666211e+02,-5.811537443703326256e-01,8.234697643246209342e-01
5.675675675675676075e+02,-5.777993427804581916e-01,8.274506786217965537e-01
5.685685685685685939e+02,-5.705429779005939395e-01,8.280384217057900065e-01
5.695695695695695804e+02,-5.572535861258828271e-01,8.294790159736207258e-01
5.705705705705705668e+02,-5.515798515947283320e-01,8.363054394379713097e-01
5.715715715715716669e+02,-5.549063168726718898e-01,8.520297648507776378e-01
5.725725725725726534e+02,-5.194152377035468060e-01,8.441740721272535941e-01
5.735735735735736398e+02,-5.343087747038702817e-01,8.473877316501138290e-01
5.745745745745746262e+02,-5.024620550722178614e-01,8.652774897792260278e-01
5.755755755755756127e+02,-5.063174079698513630e-01,8.730764139719143779e-01
5.765765765765765991e+02,-5.050539221353582686e-01,8.629721042607428894e-01
5.775775775775775855e+02,-4.811687217425484886e-01,8.730470524753746187e-01
5.785785785785786857e+02,-4.830340424364875651e-01,8.537050517169624264e-01
5.795795795795796721e+02,-4.616088039833450840e-01,8.867956324788278666e-01
5.805805805805806585e+02,-4.768824469897293694e-01,8.942052244494286262e-01
5.815815815815816450e+02,-4.506830806999274630e-01,8.955448712447403592e-01
5.825825825825826314e+02,-4.321285866441197387e-01,8.898227575792659882e-01
5.835835835835836178e+02,-4.254417060338590018e-01,9.084353681806225378e-01
5.845845845845846043e+02,-4.159156762317108846e-01,9.222412459573480215e-01
5.855855855855855907e+02,-4.078545330824264181e-01,9.044602037250362159e-01
5.865865865865866908e+02,-3.873275583399740651e-01,9.031055589213314860e-01
5.875875875875876773e+02,-4.007675475311498481e-01,9.085452906023593345e-01
5.885885885885886637e+02,-3.879571355824152912e-01,9.329314817351616052e-01
5.895895895895896501e+02,-3.647021138868531964e-01,9.305713693955051102e-01
5.905905905905906366e+02,-3.744864866285326777e-01,9.241341172801591508e-01
5.915915915915916230e+02,-3.651002271582010072e-01,9.428397056412650690e-01
5.925925925925926094e+02,-3.587733703989595679e-01,9.455040198368804827e-01
5.935935935935935959e+02,-3.406385886585587275e-01,9.420328533269596294e-01
5.945945945945946960e+02,-3.157660357579446520e-01,9.389183691890832240e-01
5.955955955955956824e+02,-3.048033509689540010e-01,9.328419940639249841e-01
5.965965965965966689e+02,-3.201734850278170619e-01,9.343225354230960678e-01
5.975975975975976553e+02,-3.098676232842735301e-01,9.590099990659604057e-01
5.985985985985986417e+02,-2.854661698512241941e-01,9.592281515254329483e-01
5.995995995995996282e+02,-2.805868541835943586e-01,9.473105423613012999e-01
6.006006006006006146e+02,-2.869120231518662023e-01,9.648700301652615163e-01
6.016016016016016010e+02,-2.505241471194233349e-01,9.608807254853278801e-01
6.026026026026027012e+02,-2.670198722477097331e-01,9.517835667155828405e-01
6.036036036036036876e+02,-2.514473682591989445e-01,9.854092035770912750e-01
6.046046046046046740e+02,-2.370003086375500334e-01,9.616345706978430830e-01
6.056056056056056605e+02,-2.312761447031093098e-01,9.694813985264022493e-01
6.066066066066066469e+02,-2.127612620493320728e-01,9.699219014790095850e-01
6.076076076076076333e+02,-2.145311671807678122e-01,9.767492669573327735e-01
6.086086086086086198e+02,-1.911388392273777048e-01,9.878091871252921985e-01
6.096096096096097199e+02,-1.804943717356107535e-01,9.779748333157332052e-01
6.106106106106107063e+02,-1.931059744341125095e-01,9.763772433867972111e-01
6.116116116116116928e+02,-1.634522520196467210e-01,9.727400215785185766e-01
6.126126126126126792e+02,-1.538880729451124751e-01,9.817917802359814594e-01
6.136136136136136656e+02,-1.523414313070139414e-01,1.000402808939504506e+00
6.146146146146146521e+02,-1.344233108656787135e-01,1.004327381634125604e+00
6.156156156156156385e+02,-1.360803241239895434e-01,1.003250052798036807e+00
6.166166166166166249e+02,-1.076614531727950325e-01,9.632110419282836622e-01
6.176176176176177250e+02,-1.076877289101963731e-01,1.009702228459786966e+00
6.186186186186187115e+02,-8.906651069219954919e-02,9.908860611272619634e-01
6.196196196196196979e+02,-8.920734709604541401e-02,9.831883447495870509e-01
6.206206206206206843e+02,-7.484017170055683177e-02,9.791068510259431923e-01
6.216216216216216708e+02,-7.707211180381322302e-02,1.008950051988876551e+00
6.226226226226226572e+02,-5.713393731313903823e-02,9.947440095839978902e-01
6.236236236236236437e+02,-4.799093643151856881e-02,1.026317034918981852e+00
6.246246246246246301e+02,-2.657878107632368619e-02,9.915614167160504699e-01
6.256256256256257302e+02,-1.025829882947678143e-02,9.987494856401115673e-01
6.266266266266267166e+02,-9.521064400893196333e-03,9.939905719138094620e-01
6.276276276276277031e+02,-1.628753581985801363e-02,1.007995259353487993e+00
6.286286286286286895e+02,-4.587893356834893237e-03,9.921820108131612637e-01
6.296296296296296759e+02,2.208895648598505415e-02,9.882933619164433470e-01
6.306306306306306624e+02,8.926419158037383200e-03,1.005183265570329665e+00
6.316316316316316488e+02,1.352613210440120964e-02,9.919339617510137819e-01
6.326326326326326353e+02,3.947117730507770927e-02,9.856165006530888117e-01
6.336336336336337354e+02,4.195210191854147064e-02,1.005246545836377736e+00
6.346346346346347218e+02,6.604358330390300291e-02,9.885488899048898714e-01
6.356356356356357082e+02,7.840062931789434919e-02,1.012516977367407867e+00
6.366366366366366947e+02,7.026099141374828050e-02,9.971550079258320043e-01
6.376376376376376811e+02,1.128227537545311299e-01,1.001772452868935570e+00
6.386386386386386675e+02,1.111518381009543172e-01,9.926779665908659345e-01
6.396396396396396540e+02,1.049897735322771197e-01,1.005032183210247565e+00
6.406406406406406404e+02,1.294467652945701930e-01,9.919026493412474998e-01
6.416416416416417405e+02,1.281839478964384715e-01,9.736606041020440250e-01
6.426426426426427270e+02,1.443108465008442476e-01,9.828413924515427835e-01
6.436436436436437134e+02,1.513334169386020556e-01,9.949897643777252387e-01
6.446446446446446998e+02,1.707368664477148246e-01,9.938924855365921518e-01
6.456456456456456863e+02,1.949560763768555804e-01,9.966772593899372312e-01
6.466466466466466727e+02,1.747959700292639751e-01,9.750679540302815695e-01
6.476476476476476591e+02,2.153713157362790453e-01,9.747440896302143054e-01
6.486486486486487593e+02,2.014622644726582756e-01,9.968539865537884292e-01
6.496496496496497457e+02,2.288503554163074660e-01,9.767889839522602147e-01
6.506506506506507321e+02,2.238889943145227213e-01,9.588161913173743889e-01
6.516516516516517186e+02,2.221362521902006948e-01,9.692489618924425843e-01
6.526526526526527050e+02,2.408901451029508978e-01,9.673051330744365517e-01
6.536536536536536914e+02,2.521725514811955504e-01,9.900048901944503710e-01
6.546546546546546779e+02,2.649707701853566411e-01,9.686074832696052184e-01
6.556556556556556643e+02,2.699972903841847960e-01,9.611471270511806608e-01
6.566566566566567644e+02,2.919330863225675921e-01,9.502029018259513515e-01
6.576576576576577509e+02,2.879444424301915162e-01,9.463108537943566434e-01
6.586586586586587373e+02,2.996391543517422651e-01,9.555163214966517771e-01
6.596596596596597237e+02,3.175106056862112558e-01,9.632640037163819891e-01
6.606606606606607102e+02,3.244429751608205459e-01,9.643762311269429288e-01
6.616616616616616966e+02,3.431723111050708486e-01,9.480784713983272383e-01
6.626626626626626830e+02,3.404628996393366247e-01,9.222386328958023238e-01
6.636636636636636695e+02,3.493402755396903259e-01,9.381327516087692997e-01
6.646646646646647696e+02,3.386266210266181687e-01,9.303580186635299620e-01
6.656656656656657560e+02,3.744239203972329899e-01,9.186786939321441858e-01
6.666666666666667425e+02,3.870807422180678192e-01,9.321156962383547739e-01
6.676676676676677289e+02,3.811314097578373805e-01,9.221527742883253165e-01
6.686686686686687153e+02,4.009402037853102008e-01,9.053779066495065697e-01
6.696696696696697018e+02,4.222348518134281803e-01,9.075813038036584235e-01
6.706706706706706882e+02,4.033204367934326018e-01,9.238550765233489726e-01
6.716716716716716746e+02,4.279786500602837940e-01,9.207418603803638746e-01
6.726726726726727748e+02,4.396007033430546218e-01,9.070015217789850759e-01
6.736736736736737612e+02,4.253968173451187496e-01,8.941682785383751053e-01
6.746746746746747476e+02,4.491209152014669637e-01,8.942938981168696566e-01
6.756756756756757341e+02,4.355397532526503190e-01,9.003891986118839341e-01
6.766766766766767205e+02,4.822643682563311218e-01,8.999763461758367722e-01
6.776776776776777069e+02,4.636131215133772465e-01,8.849966010251677506e-01
6.786786786786786934e+02,4.613180373977860960e-01,8.927504143380292634e-01
6.796796796796797935e+02,4.719271950517048286e-01,8.750808605174422716e-01
6.806806806806807799e+02,5.116454763434572506e-01,8.789272588556860111e-01
6.816816816816817663e+02,5.121029982083534771e-01,8.467090355741754282e-01
6.826826826826827528e+02,5.162441809455965425e-01,8.531475775572553433e-01
6.836836836836837392e+02,5.294803475136383719e-01,8.604876945896998697e-01
6.846846846846847257e+02,5.409052972404069237e-01,8.665206420873120541e-01
6.856856856856857121e+02,5.493299944034044646e-01,8.360258441333980883e-01
6.866866866866866985e+02,5.673994986072051772e-01,8.312941223385472700e-01
6.876876876876877986e+02,5.622433355338590788e-01,8.306889556424733589e-01
6.886886886886887851e+02,5.447613301249449869e-01,8.260080958545562568e-01
6.896896896896897715e+02,5.788001039281240878e-01,8.154190775159347870e-01
6.906906906906907579e+02,5.826471898828586848e-01,7.988664101981639565e-01
6.916916916916917444e+02,5.929805254614025634e-01,8.208526841138198415e-01
6.926926926926927308e+02,5.984196957276245454e-01,7.946344127758943054e-01
6.936936936936937173e+02,6.020914625385931362e-01,8.139786453043483805e-01
6.946946946946947037e+02,6.025317384941278887e-01,7.961298207150899753e-01
6.956956956956958038e+02,6.250519820267860238e-01,8.006829189495788812e-01
6.966966966966967902e+02,6.448416905372095220e-01,7.743061028574970139e-01
6.976976976976977767e+02,6.240422233949955988e-01,7.831233364014881237e-01
6.986986986986987631e+02,6.617011466501528938e-01,7.513385368283519439e-01
6.996996996996997495e+02,6.621720040006057184e-01,7.478641192653683323e-01
7.007007007007007360e+02,6.544911224600236110e-01,7.331871405925484142e-01
7.017017017017017224e+02,6.790490768957689882e-01,7.453249715991322466e-01
7.027027027027027088e+02,6.820649154376500212e-01,7.503974397634083360e-01
7.037037037037038090e+02,6.911382109536169382e-01,7.349035869735532911e-01
7.047047047047047954e+02,6.992081681156637751e-01,7.115244587556305289e-01
7.057057057057057818e+02,6.985649332010845924e-01,7.031474183792385535e-01
7.067067067067067683e+02,6.970345782978378812e-01,7.072600619769251473e-01
7.077077077077077547e+02,7.237059662432879792e-01,7.216576011184504535e-01
7.087087087087087411e+02,7.092170881462211973e-01,6.956357517454186956e-01
7.097097097097097276e+02,7.262696945970622542e-01,6.919322617553078647e-01
7.107107107107108277e+02,7.396398340803934657e-01,6.829727721689845543e-01
7.117117117117118141e+02,7.309073781878604459e-01,6.759158993890512779e-01
7.127127127127128006e+02,7.561916134651061050e-01,6.593884905205688041e-01
7.137137137137137870e+02,7.736643224046630962e-01,6.546599359230759196e-01
7.147147147147147734e+02,7.540828593856755413e-01,6.523936950678830282e-01
7.157157157157157599e+02,7.643081608944530814e-01,6.281139409558290643e-01
7.167167167167167463e+02,7.730082408717200426e-01,6.500341513390770487e-01
7.177177177177177327e+02,7.996034036922964328e-01,6.206346359703133198e-01
7.187187187187188329e+02,7.948609850296630697e-01,6.197955133386802151e-01
7.197197197197198193e+02,7.947985262009739094e-01,6.232471287529617321e-01
7.207207207207208057e+02,8.065524421653301745e-01,6.041586394802018756e-01
7.217217217217217922e+02,7.947363886525012910e-01,5.833572638652375630e-01
7.227227227227227786e+02,8.092951922750590832e-01,5.897552642060970296e-01
7.237237237237237650e+02,8.207974790822309963e-01,5.862021142133310159e-01
7.247247247247247515e+02,8.313102589360327199e-01,5.461569898517939503e-01
7.257257257257257379e+02,8.362151431636688503e-01,5.514614826858411645e-01
7.267267267267268380e+02,8.439048746997259709e-01,5.569943016814884462e-01
7.277277277277278245e+02,8.445697937236645858e-01,5.398550256559275784e-01
7.287287287287288109e+02,8.465067217302362224e-01,5.181739468912076596e-01
7.297297297297297973e+02,8.599641513499517442e-01,5.250656831572569905e-01
7.307307307307307838e+02,8.283672883853788749e-01,5.304639611402955923e-01
7.317317317317317702e+02,8.761866385483443320e-01,5.025107968960963456e-01
7.327327327327327566e+02,8.766206967748596535e-01,4.951462748160027627e-01
7.337337337337337431e+02,8.468164664578095024e-01,4.903862772091779343e-01
7.347347347347348432e+02,8.776439905199389102e-01,4.865725908222569007e-01
7.357357357357358296e+02,8.802319460676100160e-01,4.794245651874607383e-01
7.367367367367368161e+02,8.860867688171838452e-01,4.654754695864015135e-01
7.377377377377378025e+02,8.825440756262747932e-01,4.561065032950027409e-01
7.387387387387387889e+02,8.895888078490752360e-01,4.468179767275538006e-01
7.397397397397397754e+02,8.865341546551380736e-01,4.354588758596675824e-01
7.407407407407407618e+02,9.027541709128839020e-01,4.349724491296400597e-01
7.417417417417418619e+02,9.055694665132831833e-01,4.209918272333075806e-01
7.427427427427428483e+02,9.157412999560530231e-01,4.218809121506250648e-01
7.437437437437438348e+02,9.212934239679354542e-01,3.871034777110748393e-01
7.447447447447448212e+02,9.139427665583595983e-01,4.024849164962129300e-01
7.457457457457458077e+02,9.275629501090998374e-01,3.930126569887232857e-01
7.467467467467467941e+02,9.293722264691285373e-01,3.684266648114859488e-01
7.477477477477477805e+02,9.421812836087766208e-01,3.540758545578560068e-01
7.487487487487487670e+02,9.434469620497925035e-01,3.581808619414652561e-01
7.497497497497498671e+02,9.224030425672440359e-01,3.450199892641378496e-01
7.507507507507508535e+02,9.526134030779946915e-01,3.336995568202794082e-01
7.517517517517518399e+02,9.318219172480598500e-01,3.272636408379492323e-01
7.527527527527528264e+02,9.390046661606586964e-01,3.081804330325788044e-01
7.537537537537538128e+02,9.547233603275060432e-01,3.191709124415762489e-01
7.547547547547547993e+02,9.478980113342548863e-01,3.068969941528880696e-01
7.557557557557557857e+02,9.525168663535746871e-01,2.911049729288395227e-01
7.567567567567567721e+02,9.604971421311049307e-01,2.974470304630984496e-01
7.577577577577578722e+02,9.671185705413093414e-01,2.629068370217086947e-01
7.587587587587588587e+02,9.698847419246295898e-01,2.610425142326135983e-01
7.597597597597598451e+02,9.626496480827030355e-01,2.451868342382573229e-01
7.607607607607608315e+02,9.695405278817396111e-01,2.432877653133859452e-01
7.617617617617618180e+02,9.681740114437847877e-01,2.202578205220719620e-01
7.627627627627628044e+02,9.574194032391453169e-01,2.257058795423262654e-01
7.637637637637637908e+02,9.784708212967638818e-01,2.364915747865094231e-01
7.647647647647647773e+02,9.770019275695706051e-01,2.150872731497826817e-01
7.657657657657658774e+02,9.927423046988133049e-01,1.944545810812552400e-01
7.667667667667668638e+02,9.834617126635849527e-01,1.809394821061867942e-01
7.677677677677678503e+02,1.002250264508627753e+00,1.603077078700113345e-01
7.687687687687688367e+02,9.858085344469675881e-01,1.793697954399001149e-01
7.697697697697698231e+02,9.867357016208501141e-01,1.499391405438789682e-01
7.707707707707708096e+02,9.916498566614890819e-01,1.510227498135053026e-01
7.717717717717717960e+02,9.964048596300627558e-01,1.386590526216690544e-01
7.727727727727728961e+02,9.995414680336619506e-01,1.353757684603126010e-01
7.737737737737738826e+02,9.821824537245876785e-01,1.121933610838467682e-01
7.747747747747748690e+02,1.003059398876638753e+00,1.109203796549356191e-01
7.757757757757758554e+02,9.977200548756643972e-01,1.028002438372045135e-01
7.767767767767768419e+02,1.005807423370786324e+00,7.752663312218636971e-02
7.777777777777778283e+02,9.848284468224371979e-01,6.459331001722330712e-02
7.787787787787788147e+02,1.016396728481376854e+00,5.560119160514757908e-02
7.797797797797798012e+02,9.960762321850856749e-01,5.429949931496950988e-02
7.807807807807809013e+02,1.009244779923810897e+00,2.877420965602466019e-02
7.817817817817818877e+02,9.989534783544083973e-01,4.829981750394318762e-02
7.827827827827828742e+02,1.010807006328712898e+00,3.024394456504309742e-02
7.837837837837838606e+02,9.972603008794880264e-01,3.371992937364617915e-02
7.847847847847848470e+02,9.832617166276660381e-01,1.594360041657977289e-02
7.857857857857858335e+02,1.005074266340068023e+00,2.034152667476688079e-03
7.867867867867868199e+02,1.002561676105798938e+00,-1.183398614860963101e-02
7.877877877877878063e+02,1.009022378307909973e+00,-3.542441760759215685e-02
7.887887887887889065e+02,9.869597185843207443e-01,-3.227522530270249268e-02
7.897897897897898929e+02,9.995573437735906230e-01,-4.226554723025986726e-02
7.907907907907908793e+02,1.014450660653818170e+00,-5.969323461499704414e-02
7.917917917917918658e+02,1.005469959585315820e+00,-6.004825550251238764e-02
7.927927927927928522e+02,1.020932842419079334e+00,-8.790078849788030002e-02
7.937937937937938386e+02,9.910176679936462119e-01,-8.842560913783288623e-02
7.947947947947948251e+02,1.008794442389211676e+00,-1.020272788230256883e-01
7.957957957957958115e+02,1.011178760239421104e+00,-8.780799277586967544e-02
7.967967967967969116e+02,1.002166715254769525e+00,-1.093658986877504569e-01
7.977977977977978981e+02,9.767605161298358318e-01,-1.218573505511943711e-01
7.987987987987988845e+02,9.767278605430830263e-01,-1.372319034920437830e-01
7.997997997997998709e+02,9.916785624415302980e-01,-1.466077601481339254e-01
8.008008008008008574e+02,9.976694271544558346e-01,-1.547098340607717948e-01
8.018018018018018438e+02,9.710903513140066723e-01,-1.739022986722157382e-01
8.028028028028028302e+02,9.721530377963926162e-01,-1.763333212665894323e-01
8.038038038038039304e+02,9.955852327861723916e-01,-1.779614966417984445e-01
8.048048048048049168e+02,9.846232344171027551e-01,-2.057043722877697212e-01
8.058058058058059032e+02,1.002940215183145911e+00,-2.029454676885790176e-01
8.068068068068068897e+02,1.001340020121266328e+00,-2.211290215326799646e-01
8.078078078078078761e+02,9.693168333877932863e-01,-1.962288753122101714e-01
8.088088088088088625e+02,9.619720691647883903e-01,-2.277868482782403614e-01
8.098098098098098490e+02,9.669692007531032196e-01,-2.498332024913194060e-01
8.108108108108108354e+02,9.894940653293730071e-01,-2.614413440936569910e-01
8.118118118118119355e+02,9.742926538599339104e-01,-2.500326719533072506e-01
8.128128128128129219e+02,9.525385993936019702e-01,-2.896976555243389040e-01
8.138138138138139084e+02,9.420920674036431519e-01,-2.883437154413626136e-01
8.148148148148148948e+02,9.592707841801642044e-01,-2.865878468984277005e-01
8.158158158158158813e+02,9.522034475579936874e-01,-3.005606694303680215e-01
8.168168168168168677e+02,9.607885629920150938e-01,-3.013613986789608901e-01
8.178178178178178541e+02,9.516945132596528190e-01,-3.247169585874928877e-01
8.188188188188188406e+02,9.524466006275968954e-01,-3.262076313082689638e-01
8.198198198198199407e+02,9.338617676809909396e-01,-3.432282601281543277e-01
8.208208208208209271e+02,9.502015212773499142e-01,-3.284112417660561278e-01
8.218218218218219135e+02,9.290987223241502502e-01,-3.770167472762632754e-01
8.228228228228229000e+02,9.366579467967931505e-01,-3.746040036732809497e-01
8.238238238238238864e+02,9.344023472250538864e-01,-3.786296278107956770e-01
8.248248248248248728e+02,9.455745137500827235e-01,-3.830087278244229121e-01
8.258258258258258593e+02,9.284156872845816810e-01,-4.055043382971978971e-01
8.268268268268268457e+02,8.872107951083064714e-01,-4.011837040669483656e-01
8.278278278278279458e+02,9.139481466520149588e-01,-4.044768991684384307e-01
8.288288288288289323e+02,9.016238928442713574e-01,-4.336999107397609410e-01
8.298298298298299187e+02,8.868996481055058112e-01,-4.243095846318507003e-01
8.308308308308309051e+02,9.056596350511929572e-01,-4.476149753113692342e-01
8.318318318318318916e+02,8.888384686116246325e-01,-4.551116714230640792e-01
8.328328328328328780e+02,8.706392387841160874e-01,-4.547662135790863092e-01
8.338338338338338644e+02,8.934348370049620680e-01,-4.678726525957423443e-01
8.348348348348349646e+02,8.660446410302780063e-01,-4.764575033514338309e-01
8.358358358358359510e+02,8.891200767027656049e-01,-4.619628108592460092e-01
8.368368368368369374e+02,8.732855846982344739e-01,-4.998904461428138601e-01
8.378378378378379239e+02,8.457703890969611171e-01,-5.161502629375419593e-01
8.388388388388389103e+02,8.596820633197915784e-01,-5.070729448726265520e-01
8.398398398398398967e+02,8.579959044395449874e-01,-5.205490363556812827e-01
8.408408408408408832e+02,8.347701369438803587e-01,-5.422205882927946252e-01
8.418418418418418696e+02,8.463632646104768398e-01,-5.431857244978086641e-01
8.428428428428429697e+02,8.525413818314092618e-01,-5.579595891898618820e-01
8.438438438438439562e+02,8.508828943503597975e-01,-5.584113940249977315e-01
8.448448448448449426e+02,8.306791262783485008e-01,-5.578354987610177895e-01
8.458458458458459290e+02,8.193594719483591193e-01,-5.884665139267714062e-01
8.468468468468469155e+02,8.122454606916051922e-01,-5.613147044164839006e-01
8.478478478478479019e+02,7.984494789968389350e-01,-6.031102498168763315e-01
8.488488488488488883e+02,8.031753864118893471e-01,-5.969042954248321431e-01
8.498498498498498748e+02,7.864617163818499179e-01,-6.083380220646327219e-01
8.508508508508509749e+02,7.885252572514093172e-01,-6.129127086280942160e-01
8.518518518518519613e+02,7.888302085760852123e-01,-6.096280007199733619e-01
8.528528528528529478e+02,7.848607644105138892e-01,-6.211260226691051045e-01
8.538538538538539342e+02,7.915007351396873281e-01,-6.213767756248141927e-01
8.548548548548549206e+02,7.392025698200936912e-01,-6.436843650569392672e-01
8.558558558558559071e+02,7.461201488691827644e-01,-6.546029170658607121e-01
8.568568568568568935e+02,7.630747283084875487e-01,-6.573173191188692588e-01
8.578578578578578799e+02,7.444827488460614706e-01,-6.496639867808619018e-01
8.588588588588589801e+02,7.270564878660352726e-01,-6.712336741941512530e-01
8.598598598598599665e+02,7.408351242260657887e-01,-6.774488490111273409e-01
8.608608608608609529e+02,7.168943704528478733e-01,-6.852426328597837069e-01
8.618618618618619394e+02,7.297088332178266468e-01,-6.887025803323125750e-01
8.628628628628629258e+02,7.178449073104342659e-01,-6.963893570154976453e-01
8.638638638638639122e+02,7.089825822103036357e-01,-7.189951166794981141e-01
8.648648648648648987e+02,6.974314114542030651e-01,-7.093220038819373352e-01
8.658658658658659988e+02,6.621989173465911982e-01,-7.130349679284583297e-01
8.668668668668669852e+02,6.894703573493139448e-01,-7.383527070613188359e-01
8.678678678678679717e+02,6.713159686220184774e-01,-7.363805890776200513e-01
8.688688688688689581e+02,6.755291627677512123e-01,-7.448401280531214974e-01
8.698698698698699445e+02,6.756129144099737305e-01,-7.436520331209465207e-01
8.708708708708709310e+02,6.485587127049992073e-01,-7.591036086123593707e-01
8.718718718718719174e+02,6.511159930566908782e-01,-7.536409596302545699e-01
8.728728728728729038e+02,6.479911081949966123e-01,-7.683573037400754924e-01
8.738738738738740039e+02,6.349724135437950778e-01,-7.740121517129682216e-01
8.748748748748749904e+02,6.339203978474149404e-01,-7.899258310864486488e-01
8.758758758758759768e+02,6.238892661946334739e-01,-8.048114992454183936e-01
8.768768768768769633e+02,6.144696002056719841e-01,-7.898706375668076429e-01
8.778778778778779497e+02,6.019928428502887563e-01,-8.198247547972288274e-01
8.788788788788789361e+02,6.096408190908736424e-01,-7.955004366761617707e-01
8.798798798798799226e+02,5.861455399072220684e-01,-8.058027525319700901e-01
8.808808808808809090e+02,5.683560072813811370e-01,-8.110911713913719900e-01
8.818818818818820091e+02,5.851515822581658810e-01,-8.337370517141883264e-01
8.828828828828829955e+02,5.882220989356028440e-01,-8.319854187402142554e-01
8.838838838838839820e+02,5.612561747420675706e-01,-8.414542435853461511e-01
8.848848848848849684e+02,5.485183157389013076e-01,-8.514260507805135880e-01
8.858858858858859548e+02,5.296019126163624691e-01,-8.463819148605548071e-01
8.868868868868869413e+02,5.211575038536102600e-01,-8.518353489202282747e-01
8.878878878878879277e+02,5.289462389684449484e-01,-8.674316971121462938e-01
8.888888888888889142e+02,4.986481467394071609e-01,-8.593444114546416879e-01
8.898898898898900143e+02,4.963315874906955028e-01,-8.749205006597319256e-01
8.908908908908910007e+02,4.946113203560114080e-01,-8.755080239368294714e-01
8.918918918918919871e+02,4.879204751809141372e-01,-8.751561414347110990e-01
8.928928928928929736e+02,4.737664523954888129e-01,-8.802474753006366281e-01
8.938938938938939600e+02,4.771828610087589517e-01,-8.711424338053832539e-01
8.948948948948949464e+02,4.564794812243105904e-01,-8.992129527963910185e-01
8.958958958958959329e+02,4.340417764298713510e-01,-9.157897883237395842e-01
8.968968968968970330e+02,4.284292962150630379e-01,-9.064284098849832993e-01
8.978978978978980194e+02,4.306535568247889523e-01,-9.210718375978822481e-01
8.988988988988990059e+02,4.364226770185544724e-01,-8.959017217088327545e-01
8.998998998998999923e+02,4.254820245061865513e-01,-9.158461766072428789e-01
9.009009009009009787e+02,4.063335040322278435e-01,-9.242796595564463091e-01
9.019019019019019652e+02,4.102142876659610193e-01,-9.309333458341457757e-01
9.029029029029029516e+02,3.803630890222902128e-01,-9.084739517187554458e-01
9.039039039039039380e+02,4.011419867855705035e-01,-9.274379356620540138e-01
9.049049049049050382e+02,3.628083473781448798e-01,-9.553117137714197682e-01
9.059059059059060246e+02,3.747252655146591227e-01,-9.307850865617981473e-01
9.069069069069070110e+02,3.294155594519930785e-01,-9.286862803836586355e-01
9.079079079079079975e+02,3.449931078240134896e-01,-9.443828595644835344e-01
9.089089089089089839e+02,3.238413056424576664e-01,-9.368823525495075799e-01
9.099099099099099703e+02,3.222914893234792300e-01,-9.425654051514760212e-01
9.109109109109109568e+02,3.227172909427612479e-01,-9.386570454588830659e-01
9.119119119119119432e+02,3.085266751443724309e-01,-9.477960528707868315e-01
9.129129129129130433e+02,2.785787451474948662e-01,-9.677678913921338166e-01
9.139139139139140298e+02,2.899556736858630579e-01,-9.530098196081249196e-01
9.149149149149150162e+02,2.773338847880744140e-01,-9.538507835984769700e-01
9.159159159159160026e+02,2.569663852933201098e-01,-9.592810119181733874e-01
9.169169169169169891e+02,2.429456570180996977e-01,-9.668857500892995560e-01
9.179179179179179755e+02,2.524304411402981674e-01,-9.767605574820367176e-01
9.189189189189189619e+02,2.529446132620660759e-01,-9.610362865071443439e-01
9.199199199199199484e+02,2.373915696460530966e-01,-9.767763824391708649e-01
9.209209209209210485e+02,2.000135562377357568e-01,-9.838407928226052812e-01
9.219219219219220349e+02,2.096308398689235020e-01,-9.817371206011767937e-01
9.229229229229230214e+02,2.015184892455022803e-01,-9.794366468721552588e-01
9.239239239239240078e+02,1.785784981988220721e-01,-9.734948591521117578e-01
9.249249249249249942e+02,1.881461964992804381e-01,-9.919558404213076885e-01
9.259259259259259807e+02,1.698830417821267091e-01,-9.847670829279573379e-01
9.269269269269269671e+02,1.576914689590563357e-01,-9.889739457565448477e-01
9.279279279279279535e+02,1.324590456946228567e-01,-9.753384895629376716e-01
9.289289289289290537e+02,1.246386014673470100e-01,-9.995417058286695244e-01
9.299299299299300401e+02,1.317123518027943363e-01,-9.903391285774486574e-01
9.309309309309310265e+02,1.072518612721260894e-01,-9.999163727862098172e-01
9.319319319319320130e+02,1.036762983923763953e-01,-9.988052110412463103e-01
9.329329329329329994e+02,1.017690308268898308e-01,-1.007090427849767655e+00
9.339339339339339858e+02,8.896791927713437742e-02,-9.810469925345486342e-01
9.349349349349349723e+02,7.737072881808090830e-02,-1.006039544870793723e+00
9.359359359359360724e+02,5.814156573980142767e-02,-9.974243215468622248e-01
9.369369369369370588e+02,4.913810311611301745e-02,-9.861193139721333711e-01
9.379379379379380453e+02,2.697915137362219898e-02,-9.825800332052235797e-01
9.389389389389390317e+02,1.513128722191956974e-02,-9.997839785872377760e-01
9.399399399399400181e+02,1.454611514490562404e-02,-9.914761492077738270e-01
9.409409409409410046e+02,7.627609612246155288e-03,-1.011212584617059429e+00
9.419419419419419910e+02,1.958265884344822898e-03,-1.004095730089292093e+00
9.429429429429429774e+02,-2.400175320960164227e-02,-9.954440205014069010e-01
9.439439439439440775e+02,-3.858720831979314120e-02,-9.881291493245262236e-01
9.449449449449450640e+02,-2.796963465530967821e-02,-9.901656064669569490e-01
9.459459459459460504e+02,-4.068012843825995206e-02,-1.007329727770950090e+00
9.469469469469470368e+02,-3.815915148245288546e-02,-1.004842898311839594e+00
9.479479479479480233e+02,-7.015030344198641687e-02,-9.993750137114570942e-01
9.489489489489490097e+02,-7.843707009451633683e-02,-9.980360118051396778e-01
9.499499499499499962e+02,-6.086263089386918790e-02,-9.875829607176698222e-01
9.509509509509509826e+02,-8.461168037163795119e-02,-9.980696167679968811e-01
9.519519519519520827e+02,-9.776774352230205301e-02,-1.001890828472556949e+00
9.529529529529530691e+02,-1.010093637485656587e-01,-9.960974203947607908e-01
9.539539539539540556e+02,-1.183268302479546508e-01,-9.907216367293777415e-01
9.549549549549550420e+02,-1.446318683702129959e-01,-9.726613166560513779e-01
9.559559559559560284e+02,-1.280725553244719261e-01,-1.004868335471547081e+00
9.569569569569570149e+02,-1.431357571390157735e-01,-1.000826846825777716e+00
9.579579579579580013e+02,-1.595767767567846662e-01,-9.969932316743167489e-01
9.589589589589589878e+02,-1.531479069396704251e-01,-1.005656612922062987e+00
9.599599599599600879e+02,-1.774764318785380379e-01,-1.001248207010250635e+00
9.609609609609610743e+02,-1.839855486773603055e-01,-9.861442844940400132e-01
9.619619619619620607e+02,-2.076783914936997377e-01,-9.666809943192695709e-01
9.629629629629630472e+02,-1.877875032605598460e-01,-9.847329941233142758e-01
9.639639639639640336e+02,-2.079930078610195965e-01,-9.784939621045940505e-01
9.649649649649650200e+02,-2.205468762927787485e-01,-9.595014164305945004e-01
9.659659659659660065e+02,-2.354143404954419927e-01,-9.546202052752346123e-01
9.669669669669671066e+02,-2.453332146630683996e-01,-9.710991253187887251e-01
9.679679679679680930e+02,-2.332571300376269918e-01,-9.649359099955318042e-01
9.689689689689690795e+02,-2.821434937092871520e-01,-9.628675873862408974e-01
9.699699699699700659e+02,-2.842901479973096168e-01,-9.790724751732726716e-01
9.709709709709710523e+02,-2.905183813512386970e-01,-9.564200359083250280e-01
9.719719719719720388e+02,-3.018178009936118289e-01,-9.708316587806361531e-01
9.729729729729730252e+02,-3.040447851514259114e-01,-9.498153284276448227e-01
9.739739739739740116e+02,-3.167439134251800459e-01,-9.638725835770518557e-01
9.749749749749751118e+02,-3.410089776768201464e-01,-9.554217589433571245e-01
9.759759759759760982e+02,-3.203088961817604496e-01,-9.343953911955064084e-01
9.769769769769770846e+02,-3.302908543723941381e-01,-9.428311351659288686e-01
9.779779779779780711e+02,-3.462985569867227387e-01,-9.249688220919115578e-01
9.789789789789790575e+02,-3.656471184929465101e-01,-9.304787829781139274e-01
9.799799799799800439e+02,-3.850018143432946682e-01,-9.236766460323492245e-01
9.809809809809810304e+02,-3.800990845851994759e-01,-9.383427853552374076e-01
9.819819819819820168e+02,-3.771184847481801050e-01,-9.340928053707584500e-01
9.829829829829831169e+02,-4.027392495996856558e-01,-9.037137743313159444e-01
9.839839839839841034e+02,-4.137068070044525592e-01,-9.216514199918742767e-01
9.849849849849850898e+02,-4.192188193548415098e-01,-9.031610797147952008e-01
9.859859859859860762e+02,-4.398437887581090333e-01,-8.943315692995077448e-01
9.869869869869870627e+02,-4.329743752573467774e-01,-9.057397621353452388e-01
9.879879879879880491e+02,-4.485206756572966968e-01,-8.996707471818463642e-01
9.889889889889890355e+02,-4.338189080732602343e-01,-8.916428445736233055e-01
9.899899899899900220e+02,-4.667722852785003429e-01,-8.927104991856872340e-01
9.909909909909911221e+02,-4.609805568232457351e-01,-8.837601748931441792e-01
9.919919919919921085e+02,-4.777296720100063787e-01,-8.738555367485428826e-01
9.929929929929930950e+02,-4.803295674158787332e-01,-8.858781006576798012e-01
9.939939939939940814e+02,-5.118249753902988086e-01,-8.652080484627433510e-01
9.949949949949950678e+02,-4.827873824024236371e-01,-8.734450395537999290e-01
9.959959959959960543e+02,-5.114077163506891566e-01,-8.466350105460728193e-01
9.969969969969970407e+02,-5.011859336002301157e-01,-8.543753750980307426e-01
9.979979979979981408e+02,-5.146177329247754173e-01,-8.422876305509089390e-01
9.989989989989991273e+02,-5.411530387410331544e-01,-8.646631738204095807e-01
1.000000000000000000e+03,-5.531153865053397567e-01,-8.353792357623948117e-01
